"date","state","dataQualityGrade","death","deathConfirmed","deathIncrease","deathProbable","hospitalized","hospitalizedCumulative","hospitalizedCurrently","hospitalizedIncrease","inIcuCumulative","inIcuCurrently","negative","negativeIncrease","negativeTestsAntibody","negativeTestsPeopleAntibody","negativeTestsViral","onVentilatorCumulative","onVentilatorCurrently","pending","positive","positiveCasesViral","positiveIncrease","positiveScore","positiveTestsAntibody","positiveTestsAntigen","positiveTestsPeopleAntibody","positiveTestsPeopleAntigen","positiveTestsViral","recovered","totalTestEncountersViral","totalTestEncountersViralIncrease","totalTestResults","totalTestResultsIncrease","totalTestsAntibody","totalTestsAntigen","totalTestsPeopleAntibody","totalTestsPeopleAntigen","totalTestsPeopleViral","totalTestsPeopleViralIncrease","totalTestsViral","totalTestsViralIncrease"
20200902,"WV","C",230,228,8,2,,,146,0,,48,430943,3009,,,,,27,,10642,10453,135,0,,,,,,8266,,0,441585,3144,16019,,,,,0,441396,3141
20200901,"WV","C",222,220,8,2,,,141,0,,49,427934,2137,,,,,25,,10507,10321,257,0,,,,,,8163,,0,438441,2394,15986,,,,,0,438255,2392
20200831,"WV","C",214,212,1,2,,,139,0,,49,425797,4785,,,,,23,,10250,10066,140,0,,,,,,8017,,0,436047,4925,15982,,,,,0,435863,4923
20200830,"WV","C",213,211,1,2,,,141,0,,45,421012,4722,,,,,21,,10110,9928,143,0,,,,,,7983,,0,431122,4865,15943,,,,,0,430940,4866
20200829,"WV","C",212,210,10,2,,,151,0,,49,416290,6533,,,,,23,,9967,9784,143,0,,,,,,7935,,0,426257,6676,15901,,,,,0,426074,6673
20200828,"WV","C",202,201,3,1,,,133,0,,50,409757,5581,,,,,23,,9824,9644,191,0,,,,,,7859,,0,419581,5772,15793,,,,,0,419401,5767
20200827,"WV","C",199,198,9,1,,,146,0,,47,404176,4111,,,,,25,,9633,9458,93,0,,,,,,7773,,0,413809,4204,15718,,,,,0,413634,4205
20200826,"WV","C",190,189,3,1,,,143,0,,42,400065,5890,,,,,22,,9540,9364,145,0,,,,,,7601,,0,409605,6035,15654,,,,,0,409429,6035
20200825,"WV","C",187,186,8,1,,,139,0,,46,394175,4833,,,,,21,,9395,9219,83,0,,,,,,7486,,0,403570,4916,15584,,,,,0,403394,4915
20200824,"WV","C",179,178,1,1,,,141,0,,47,389342,2421,,,,,23,,9312,9137,40,0,,,,,,7385,,0,398654,2461,15521,,,,,0,398479,2461
20200823,"WV","C",178,177,2,1,,,139,0,,46,386921,4248,,,,,23,,9272,9097,87,0,,,,,,7358,,0,396193,4335,15514,,,,,0,396018,4335
20200822,"WV","C",176,175,6,1,,,138,0,,51,382673,7420,,,,,23,,9185,9010,119,0,,,,,,7307,,0,391858,7539,15501,,,,,0,391683,7540
20200821,"WV","C",170,169,4,1,,,146,0,,54,375253,6522,,,,,24,,9066,8890,84,0,,,,,,7140,,0,384319,6606,15442,,,,,0,384143,6606
20200820,"WV","C",166,165,0,1,,,140,0,,52,368731,7808,,,,,18,,8982,8806,181,0,,,,,,7010,,0,377713,7989,15352,,,,,0,377537,7991
20200819,"WV","C",166,165,2,1,,,133,0,,46,360923,3929,,,,,22,,8801,8623,70,0,,,,,,6909,,0,369724,3999,15246,,,,,0,369546,3995
20200818,"WV","B",164,163,4,1,,,132,0,,50,356994,4787,,,,,21,,8731,8557,99,0,,,,,,6737,,0,365725,4886,15215,,,,,0,365551,4882
20200817,"WV","B",160,159,0,1,,,134,0,,50,352207,5432,,,,,19,,8632,8462,68,0,,,,,,6531,,0,360839,5500,15208,,,,,0,360669,5501
20200816,"WV","B",160,159,0,1,,,130,0,,52,346775,4988,,,,,20,,8564,8393,107,0,,,,,,6429,,0,355339,5095,15145,,,,,0,355168,5092
20200815,"WV","B",160,159,3,1,,,132,0,,54,341787,5361,,,,,21,,8457,8289,183,0,,,,,,6298,,0,350244,5544,15072,,,,,0,350076,5546
20200814,"WV","B",157,156,4,1,,,135,0,,52,336426,5062,,,,,18,,8274,8104,123,0,,,,,,6144,,0,344700,5185,14999,,,,,0,344530,5181
20200813,"WV","B",153,152,0,1,,,128,0,,46,331364,4133,,,,,16,,8151,7985,143,0,,,,,,6045,,0,339515,4276,14935,,,,,0,339349,4274
20200812,"WV","B",153,,6,,,,135,0,,48,327231,4497,,,,,16,,8008,7844,133,0,,,,,,5960,,0,335239,4630,14831,,,,,0,335075,4628
20200811,"WV","B",147,,6,,,,130,0,,46,322734,3444,,,,,14,,7875,7713,121,0,,,,,,5863,,0,330609,3565,14810,,,,,0,330447,3561
20200810,"WV","B",141,,2,,,,123,0,,43,319290,3912,,,,,17,,7754,7596,60,0,,,,,,5699,,0,327044,3972,14806,,,,,0,326886,3972
20200809,"WV","B",139,,8,,,,124,0,,50,315378,5021,,,,,15,,7694,7536,131,0,,,,,,5678,,0,323072,5152,14766,,,,,0,322914,5151
20200808,"WV","B",131,,4,,,,121,0,,46,310357,5113,,,,,15,,7563,7406,130,0,,,,,,5609,,0,317920,5243,14705,,,,,0,317763,5242
20200807,"WV","B",127,,3,,,,122,0,,46,305244,5112,,,,,14,,7433,7277,156,0,,,,,,5510,,0,312677,5268,14597,,,,,0,312521,5266
20200806,"WV","B",124,,0,,,,123,0,,47,300132,4697,,,,,11,,7277,7123,118,0,,,,,,5330,,0,307409,4815,14524,,,,,0,307255,4812
20200805,"WV","B",124,,0,,,,115,0,,47,295435,4047,,,,,13,,7159,7008,108,0,,,,,,5218,,0,302594,4155,14441,,,,,0,302443,4153
20200804,"WV","B",124,,7,,,,111,0,,40,291388,3315,,,,,14,,7051,6902,78,0,,,,,,5063,,0,298439,3393,14418,,,,,0,298290,3388
20200803,"WV","B",117,,0,,,,116,0,,50,288073,3715,,,,,17,,6973,6829,119,0,,,,,,4918,,0,295046,3834,14399,,,,,0,294902,3831
20200802,"WV","B",117,,1,,,,112,0,,47,284358,3869,,,,,16,,6854,6713,119,0,,,,,,4897,,0,291212,3988,14364,,,,,0,291071,3987
20200801,"WV","B",116,,0,,,,108,0,,39,280489,3143,,,,,18,,6735,6595,93,0,,,,,,4858,,0,287224,3236,14292,,,,,0,287084,3236
20200731,"WV","B",116,,1,,,,108,0,,39,277346,6287,,,,,18,,6642,6502,220,0,,,,,,4815,,0,283988,6507,14221,,,,,0,283848,6505
20200730,"WV","B",115,,3,,,,102,0,,40,271059,3258,,,,,19,,6422,6284,96,0,,,,,,4703,,0,277481,3354,14144,,,,,0,277343,3355
20200729,"WV","B",112,,1,,,,98,0,,40,267801,4130,,,,,13,,6326,6187,153,0,,,,,,4589,,0,274127,4283,13990,,,,,0,273988,4284
20200728,"WV","B",111,,5,,,,94,0,,37,263671,3692,,,,,15,,6173,6033,119,0,,,,,,4481,,0,269844,3811,13894,,,,,0,269704,3812
20200727,"WV","B",106,,3,,,,85,0,,37,259979,4213,,,,,10,,6054,5913,94,0,,,,,,4332,,0,266033,4307,13825,,,,,0,265892,4301
20200726,"WV","B",103,,0,,,,82,0,,35,255766,4673,,,,,11,,5960,5825,139,0,,,,,,4168,,0,261726,4812,13751,,,,,0,261591,4811
20200725,"WV","B",103,,0,,,,80,0,,35,251093,3615,,,,,11,,5821,5687,126,0,,,,,,4115,,0,256914,3741,13604,,,,,0,256780,3740
20200724,"WV","B",103,,0,,,,76,0,,37,247478,1956,,,,,15,,5695,5562,145,0,,,,,,4013,,0,253173,2101,13490,,,,,0,253040,2098
20200723,"WV","B",103,,2,,,,88,0,,38,245522,8341,,,,,16,,5550,5420,344,0,,,,,,3913,,0,251072,8685,13368,,,,,0,250942,8680
20200722,"WV","B",101,,0,,,,78,0,,33,237181,2054,,,,,16,,5206,5081,7,0,,,,,,3625,,0,242387,2061,13019,,,,,0,242262,2061
20200721,"WV","B",101,,1,,,,77,0,,33,235127,5289,,,,,16,,5199,5074,57,0,,,,,,3546,,0,240326,5346,12970,,,,,0,240201,5344
20200720,"WV","B",100,,0,,,,77,0,,33,229838,3892,,,,,17,,5142,5019,100,0,,,,,,3466,,0,234980,3992,12947,,,,,0,234857,3993
20200719,"WV","B",100,,0,,,,76,0,,32,225946,5329,,,,,15,,5042,4918,148,0,,,,,,3373,,0,230988,5477,12825,,,,,0,230864,5479
20200718,"WV","B",100,,0,,,,74,0,,33,220617,2848,,,,,16,,4894,4768,111,0,,,,,,3295,,0,225511,2959,12642,,,,,0,225385,2958
20200717,"WV","B",100,,1,,,,69,0,,37,217769,3252,,,,,15,,4783,4658,126,0,,,,,,3267,,0,222552,3378,12633,,,,,0,222427,3375
20200716,"WV","B",99,,2,,,,65,0,,29,214517,1170,,,,,13,,4657,4535,100,0,,,,,,3128,,0,219174,1270,12503,,,,,0,219052,1266
20200715,"WV","B",97,,0,,,,63,0,,26,213347,3742,,,,,13,,4557,4439,150,0,,,,,,2999,,0,217904,3892,12365,,,,,0,217786,3892
20200714,"WV","B",97,,1,,,,59,0,,24,209605,5639,,,,,7,,4407,4289,148,0,,,,,,2982,,0,214012,5787,12219,,,,,0,213894,5785
20200713,"WV","B",96,,0,,,,63,0,,22,203966,1137,,,,,8,,4259,4143,52,0,,,,,,2825,,0,208225,1189,12057,,,,,0,208109,1189
20200712,"WV","B",96,,1,,,,56,0,,14,202829,3080,,,,,7,,4207,4091,133,0,,,,,,2806,,0,207036,3213,12057,,,,,0,206920,3208
20200711,"WV","B",95,,0,,,,56,0,,14,199749,2529,,,,,7,,4074,3963,91,0,,,,,,2763,,0,203823,2620,11849,,,,,0,203712,2620
20200710,"WV","B",95,,0,,,,56,0,,16,197220,3857,,,,,7,,3983,3872,157,0,,,,,,2756,,0,201203,4014,11695,,,,,0,201092,4011
20200709,"WV","B",95,,0,,,,50,0,,15,193363,3155,,,,,6,,3826,3718,119,0,,,,,,2718,,0,197189,3274,11385,,,,,0,197081,3271
20200708,"WV","B",95,,0,,,,48,0,,13,190208,3822,,,,,7,,3707,3602,246,0,,,,,,2648,,0,193915,4068,10929,,,,,0,193810,4070
20200707,"WV","B",95,,0,,,,41,0,,13,186386,847,,,,,6,,3461,3354,19,0,,,,,,2535,,0,189847,866,10709,,,,,0,189740,865
20200706,"WV","B",95,,1,,,,41,0,,13,185539,3980,,,,,6,,3442,3336,180,0,,,,,,2518,,0,188981,4160,10660,,,,,0,188875,4160
20200705,"WV","B",94,,0,,,,27,0,,12,181559,3271,,,,,5,,3262,3156,121,0,,,,,,2421,,0,184821,3392,10598,,,,,0,184715,3391
20200704,"WV","B",94,,1,,,,25,0,,11,178288,712,,,,,4,,3141,3036,15,0,,,,,,2402,,0,181429,727,10437,,,,,0,181324,727
20200703,"WV","B",93,,0,,,,25,0,,11,177576,2288,,,,,4,,3126,3021,73,0,,,,,,2396,,0,180702,2361,10413,,,,,0,180597,2359
20200702,"WV","B",93,,0,,,,23,0,,10,175288,4868,,,,,5,,3053,2949,121,0,,,,,,2380,,0,178341,4989,10173,,,,,0,178238,4987
20200701,"WV","B",93,,0,,,,23,0,,5,170420,1561,,,,,3,,2932,2831,27,0,,,,,,2284,,0,173352,1588,9918,,,,,0,173251,1588
20200630,"WV","B",93,,0,,,,27,0,,10,168859,2074,,,,,3,,2905,2804,35,0,,,,,,2272,,0,171764,2109,9777,,,,,0,171663,2107
20200629,"WV","B",93,,0,,,,28,0,,5,166785,3094,,,,,3,,2870,2771,53,0,,,,,,2196,,0,169655,3147,9637,,,,,0,169556,3142
20200628,"WV","B",93,,0,,,,32,0,,10,163691,1797,,,,,4,,2817,2723,56,0,,,,,,2062,,0,166508,1853,9584,,,,,0,166414,1821
20200627,"WV","B",93,,1,,,,33,0,,10,161894,2649,,,,,4,,2761,2699,49,0,,,,,,2042,,0,164655,2698,9243,,,,,0,164593,2726
20200626,"WV","B",92,,0,,,,33,0,,10,159245,3202,,,,,4,,2712,2622,51,0,,,,,,1907,,0,161957,3253,9210,,,,,0,161867,3250
20200625,"WV","B",92,,0,,,,24,0,,5,156043,1624,,,,,2,,2661,2574,32,0,,,,,,1858,,0,158704,1656,8988,,,,,0,158617,1657
20200624,"WV","B",92,,0,,,,24,0,,5,154419,2673,,,,,2,,2629,2541,47,0,,,,,,1855,,0,157048,2720,8817,,,,,0,156960,2721
20200623,"WV","B",92,,3,,,,21,0,,5,151746,3094,,,,,2,,2582,2493,30,0,,,,,,1790,,0,154328,3124,8643,,,,,0,154239,3126
20200622,"WV","B",89,,0,,,,21,0,,5,148652,606,,,,,2,,2552,2461,9,0,,,,,,1681,,0,151204,615,8575,,,,,0,151113,615
20200621,"WV","B",89,,1,,,,23,0,,3,148046,2136,,,,,2,,2543,2452,57,0,,,,,,1676,,0,150589,2193,8566,,,,,0,150498,2185
20200620,"WV","B",88,,0,,,,22,0,,6,145910,2331,,,,,2,,2486,2403,51,0,,,,,,1669,,0,148396,2382,8384,,,,,0,148313,2381
20200619,"WV","B",88,,0,,,,22,0,,6,143579,1568,,,,,2,,2435,2353,17,0,,,,,,1665,,0,146014,1585,8223,,,,,0,145932,1585
20200618,"WV","B",88,,0,,,,25,0,,5,142011,3017,,,,,2,,2418,2336,42,0,,,,,,1665,,0,144429,3059,8070,,,,,0,144347,3058
20200617,"WV","B",88,,0,,,,23,0,,7,138994,4264,,,,,2,,2376,2295,35,0,,,,,,1654,,0,141370,4299,7878,,,,,0,141289,4298
20200616,"WV","B",88,,0,,,,24,0,,8,134730,5075,,,,,3,,2341,2261,43,0,,,,,,1636,,0,137071,5118,7813,,,,,0,136991,5116
20200615,"WV","B",88,,0,,,,25,0,,8,129655,745,,,,,2,,2298,2220,9,0,,,,,,1585,,0,131953,754,7673,,,,,0,131875,752
20200614,"WV","B",88,,0,,,,30,0,,8,128910,3652,,,,,2,,2289,2213,30,0,,,,,,1571,,0,131199,3682,7651,,,,,0,131123,3682
20200613,"WV","B",88,,2,,,,29,0,,9,125258,3452,,,,,2,,2259,2183,26,0,,,,,,1568,,0,127517,3478,7485,,,,,0,127441,3478
20200612,"WV","B",86,,1,,,,29,0,,9,121806,2898,,,,,2,,2233,2157,21,0,,,,,,1553,,0,124039,2919,7354,,,,,0,123963,1272
20200611,"WV","B",85,,0,,,,38,0,,8,118908,3106,,,,,2,,2212,2136,24,0,,,,,,1516,,0,121120,3130,7173,,,,,0,122691,2975
20200610,"WV","B",85,,1,,,,24,0,,9,115802,3633,,,,,5,,2188,2114,19,0,,,,,,1485,,0,117990,3652,7006,,,,,0,119716,2641
20200609,"WV","B",84,,0,,,,24,0,,9,112169,717,,,,,4,,2169,2095,16,0,,,,,,1477,,0,114338,733,6871,,,,,0,117075,3381
20200608,"WV","B",84,,0,,,,24,0,,9,111452,1789,,,,,4,,2153,2083,9,0,,,,,,1468,,0,113605,1798,6809,,,,,0,113694,1956
20200607,"WV","B",84,,0,,,,28,0,,9,109663,2071,,,,,4,,2144,2075,13,0,,,,,,1451,,0,111807,2084,6776,,,,,0,111738,1129
20200606,"WV","B",84,,0,,,,27,0,,11,107592,1193,,,,,3,,2131,2065,12,0,,,,,,1446,,0,109723,1205,6634,,,,,0,110609,2156
20200605,"WV","B",84,,6,,,,27,0,,11,106399,2442,,,,,3,,2119,2054,27,0,,,,,,1445,,0,108518,2469,6475,,,,,0,108453,1918
20200604,"WV","B",78,,0,,,,28,0,,11,103957,2260,,,,,2,,2092,,21,0,,,,,,1399,,0,106049,2281,6188,,,,,0,106535,2202
20200603,"WV","B",78,,1,,,,34,0,,13,101697,3195,,,,,4,,2071,,30,0,,,,,,1381,,0,103768,3225,5993,,,,,0,104333,2035
20200602,"WV","B",77,,2,,,,31,0,,11,98502,2424,,,,,4,,2041,,24,0,,,,,,1341,,0,100543,2448,5776,,,,,0,102298,2547
20200601,"WV","B",75,,0,,,,31,0,,11,96078,466,,,,,4,,2017,,7,0,,,,,,1313,,0,98095,473,5650,,,,,0,99751,2129
20200531,"WV","B",75,,0,,,,33,0,,14,95612,1696,,,,,8,,2010,,36,0,,,,,,1303,,0,97622,1732,5638,,,,,0,97622,1732
20200530,"WV","B",75,,1,,,,33,0,,14,93916,2490,,,,,8,,1974,,23,0,,,,,,1290,,0,95890,2513,5352,,,,,0,95890,2513
20200529,"WV","B",74,,0,,,,33,0,,14,91426,3017,,,,,8,,1951,,45,0,,,,,,1241,,0,93377,3062,4998,,,,,0,93377,3062
20200528,"WV","B",74,,0,,,,35,0,,13,88409,1815,,,,,6,,1906,,39,0,,,,,,1211,,0,90315,1854,4628,,,,,0,90315,1854
20200527,"WV","B",74,,0,,,,36,0,,13,86594,637,,,,,6,,1867,,13,0,,,,,,1191,,0,88461,650,4284,,,,,0,88461,650
20200526,"WV","B",74,,2,,,,35,0,,9,85957,1406,,,,,7,,1854,,80,0,,,,,,1180,,0,87811,1486,4205,,,,,0,87811,1486
20200525,"WV","B",72,,0,,,,36,0,,13,84551,616,,,,,7,,1774,,15,0,,,,,,1135,,0,86325,631,4124,,,,,0,86325,631
20200524,"WV","B",72,,0,,,,23,0,,8,83935,1908,,,,,4,,1759,,42,0,,,,,,1121,,0,85694,1950,4094,,,,,0,85694,1950
20200523,"WV","B",72,,1,,,,39,0,,11,82027,-1186,,,,,9,,1717,,101,0,,,,,,1110,,0,83744,-1085,3800,,,,,0,83744,-1085
20200522,"WV","B",71,,1,,,,47,0,,13,83213,1665,,,,,9,,1616,,23,0,,,,,,983,,0,84829,1688,,,,,,0,84829,1688
20200521,"WV","B",70,,1,,,,46,0,,12,81548,2452,,,,,9,,1593,1593,48,0,,,,,,983,,0,83141,2500,,,,,,0,83141,2500
20200520,"WV","B",69,,1,,,,58,0,,16,79096,2304,,,,,9,,1545,1545,36,0,,,,,,950,,0,80641,2340,,,,,,0,80641,2340
20200519,"WV","B",68,,1,,,,54,0,,18,76792,2248,,,,,9,,1509,1509,18,0,,,,,,922,,0,78301,2266,,,,,,0,78301,2266
20200518,"WV","B",67,,0,,,,48,0,,11,74544,544,,,,,7,,1491,1491,1,0,,,,,,919,,0,76035,545,,,,,,0,76035,545
20200517,"WV","B",67,,3,,,,48,0,,11,74000,2064,,,,,7,,1490,1490,33,0,,,,,,919,,0,75490,2097,,,,,,0,75490,2097
20200516,"WV","B",64,,2,,,,55,0,,13,71936,2441,,,,,6,,1457,1457,16,0,,,,,,889,,0,73393,2457,,,,,,0,73393,2457
20200515,"WV","B",62,,2,,,,57,0,,15,69495,2209,,,,,8,,1441,1441,14,0,,,,,,870,,0,70936,2223,,,,,,0,70936,4256
20200514,"WV","B",60,,2,,,,52,0,,9,67286,2004,,,,,5,,1427,1427,29,0,,,,,,870,,0,68713,2033,,,,,,0,66680,1611
20200513,"WV","B",58,,1,,,,58,0,,11,65282,1584,,,,,6,,1398,1398,27,0,,,,,,813,,0,66680,1611,,,,,,0,65069,0
20200512,"WV","C",57,,3,,,,50,0,,9,63698,1595,,,,,5,,1371,1371,5,0,,,,,,803,,0,65069,1600,,,,,,0,65069,1600
20200511,"WV","C",54,54,0,,,,49,0,,10,62103,819,,,,,6,,1366,1366,6,0,,,,,,775,,0,63469,825,,,,,,0,63469,825
20200510,"WV","C",54,54,1,,,,49,0,,10,61284,1622,,,,,6,,1360,1360,25,0,,,,,,775,,0,62644,1647,,,,,,0,62644,1647
20200509,"WV","C",53,53,2,,,,53,0,,13,59662,1536,,,,,7,,1335,1335,25,0,,,,,,761,,0,60997,1561,,,,,,0,60997,1561
20200508,"WV","C",51,51,0,,,,65,0,,19,58126,1892,,,,,11,,1310,1310,23,0,,,,,,761,,0,59436,1915,,,,,,0,59436,1915
20200507,"WV","C",51,51,1,,,,76,0,,22,56234,1698,,,,,12,,1287,1287,39,0,,,,,,716,,0,57521,1737,,,,,,0,57521,1737
20200506,"WV","C",50,50,0,,,,76,0,,22,54536,951,,,,,12,,1248,1248,10,0,,,,,,716,,0,55784,961,,,,,,0,55784,961
20200505,"WV","C",50,50,0,,,,64,0,,23,53585,1552,,,,,12,,1238,1238,32,0,,,,,,630,,0,54823,1584,,,,,,0,54823,1584
20200504,"WV","C",50,50,0,,,,73,0,,28,52033,1586,,,,,15,,1206,1206,15,0,,,,,,611,,0,53239,1601,,,,,,0,53239,1601
20200503,"WV","C",50,,2,,,,73,0,,28,50447,2470,,,,,15,,1191,1191,22,0,,,,,,611,,0,51638,2492,,,,,,0,51638,2492
20200502,"WV","C",48,,2,,,,76,0,,29,47977,2269,,,,,15,,1169,1169,33,0,,,,,,572,,0,49146,2302,,,,,,0,49146,2302
20200501,"WV","C",46,,5,,,,81,0,,33,45708,2285,,,,,18,,1136,1136,18,0,,,,,,555,,0,46844,2303,,,,,,0,46844,2303
20200430,"WV","C",41,,3,,,,84,0,,38,43423,1447,,,,,20,,1118,1118,23,0,,,,,,545,,0,44541,1470,,,,,,0,44541,2509
20200429,"WV","C",38,,1,,,,102,0,,40,41976,0,,,,,21,,1095,1095,16,0,,,,,,504,,0,43071,16,,,,,,0,42032,42032
20200428,"WV","B",37,,1,,,,87,0,,28,41976,0,,,,,15,,1079,,16,0,,,,,,481,,0,43055,16,,,,,,0,,0
20200427,"WV","B",36,,2,,,,100,0,,38,41976,3957,,,,,20,,1063,,19,0,,,,,,455,,0,43039,3976,,,,,,0,,0
20200426,"WV","B",34,,2,,,,100,0,,38,38019,6073,,,,,20,,1044,,24,0,,,,,,455,,0,39063,6097,,,,,,0,,0
20200425,"WV","B",32,,0,,,,97,0,,36,31946,3123,,,,,19,,1020,,32,0,,,,,,439,,0,32966,3155,,,,,,0,,0
20200424,"WV","B",32,,3,,,,97,0,,36,28823,1885,,,,,19,,988,,21,0,,,,,,439,,0,29811,1906,,,,,,0,,0
20200423,"WV","B",29,,3,,,,108,0,,44,26938,2041,,,,,24,,967,,28,0,,,,,,380,,0,27905,2069,,,,,,0,,0
20200422,"WV","B",26,,0,,,,103,0,,41,24897,3048,,,,,23,,939,,25,0,,,,,,330,,0,25836,3073,,,,,,0,,0
20200421,"WV","B",26,,2,,,,85,0,,42,21849,596,,,,,24,,914,,12,0,,,,,,330,,0,22763,608,,,,,,0,,0
20200420,"WV","B",24,,6,,,,77,0,,37,21253,2085,,,,,23,,902,,39,0,,,,,,290,,0,22155,2124,,,,,,0,,0
20200419,"WV","B",18,,2,,,,72,0,,37,19168,513,,,,,25,,863,,78,0,,,,,,265,,0,20031,591,,,,,,0,,0
20200418,"WV","B",16,,3,,,,83,0,,40,18655,728,,,,,27,,785,,31,0,,,,,,255,,0,19440,759,,,,,,0,,0
20200417,"WV","B",13,,0,,,,85,0,,34,17927,360,,,,,24,,754,,15,0,,,,,,223,,0,18681,375,,,,,,0,,0
20200416,"WV","B",13,,3,,,,85,-164,,34,17567,613,,,,,24,,739,,37,0,,,,,,223,,0,18306,650,,,,,,0,,0
20200415,"WV","B",10,,1,,164,164,82,0,73,36,16954,556,,,,50,23,,702,,62,0,,,,,,211,,0,17656,618,,,,,,0,,0
20200414,"WV","B",9,,0,,164,164,87,0,73,38,16398,369,,,,50,25,,640,,14,0,,,,,,147,,0,17038,383,,,,,,0,,0
20200413,"WV","B",9,,1,,164,164,95,164,73,43,16029,383,,,,50,23,,626,,15,0,,,,,,85,,0,16655,398,,,,,,0,,0
20200412,"WV","B",8,,3,,,,81,0,,36,15646,771,,,,,24,,611,,34,0,,,,,,83,,0,16257,805,,,,,,0,,0
20200411,"WV","B",5,,0,,,,85,0,,40,14875,874,,,,,22,,577,,23,0,,,,,,63,,0,15452,897,,,,,,0,,0
20200410,"WV","B",5,,0,,,,85,0,,20,14001,661,,,,,22,,554,,31,0,,,,,,63,,0,14555,692,,,,,,0,,0
20200409,"WV","B",5,,1,,,,,0,,,13340,1257,,,,,,,523,,61,0,,,,,,,,0,13863,1318,,,,,,0,,0
20200408,"WV","B",4,,0,,,,,0,,,12083,436,,,,,,,462,,50,0,,,,,,,,0,12545,486,,,,,,0,,0
20200407,"WV","B",4,,0,,,,,0,,,11647,2052,,,,,,,412,,67,0,,,,,,,,0,12059,2119,,,,,,0,,0
20200406,"WV","B",4,,1,,,,,0,,,9595,1081,,,,,,,345,,21,0,,,,,,,,0,9940,1102,,,,,,0,,0
20200405,"WV","B",3,,1,,,,,0,,,8514,1110,,,,,,,324,,42,0,,,,,,,,0,8838,1152,,,,,,0,,0
20200404,"WV","B",2,,0,,,,,-1,,,7404,1274,,,,,,,282,,45,0,,,,,,,,0,7686,1319,,,,,,0,,0
20200403,"WV","B",2,,0,,1,1,,0,,,6130,854,,,,,,,237,,20,0,,,,,,,,0,6367,874,,,,,,0,,0
20200402,"WV","B",2,,1,,1,1,,0,,,5276,892,,,,,,,217,,26,0,,,,,,,,0,5493,918,,,,,,0,,0
20200401,"WV","B",1,,0,,1,1,,0,,,4384,403,,,,,,,191,,29,0,,,,,,,,0,4575,432,,,,,,0,,0
20200331,"WV","B",1,,0,,1,1,,0,,,3981,997,,,,,,,162,,36,0,,,,,,,,0,4143,1033,,,,,,0,,0
20200330,"WV","B",1,,1,,1,1,,0,,,2984,279,,,,,,0,126,,13,0,,,,,,,,0,3110,292,,,,,,0,,0
20200329,"WV","B",0,,0,,1,1,,0,,,2705,374,,,,,,0,113,,17,0,,,,,,,,0,2818,391,,,,,,0,,0
20200328,"WV","B",0,,0,,1,1,,0,,,2331,552,,,,,,6,96,,20,0,,,,,,,,0,2427,572,,,,,,0,,0
20200327,"WV","B",0,,0,,1,1,,0,,,1779,748,,,,,,43,76,,25,0,,,,,,,,0,1855,773,,,,,,0,,0
20200326,"WV","B",0,,0,,1,1,,0,,,1031,272,,,,,,19,51,,12,0,,,,,,,,0,1082,284,,,,,,0,,0
20200325,"WV","B",0,,0,,1,1,,0,,,759,149,,,,,,6,39,,19,0,,,,,,,,0,798,168,,,,,,0,,0
20200324,"WV","B",0,,0,,1,1,,0,,,610,166,,,,,,0,20,,4,0,,,,,,,,0,630,170,,,,,,0,,0
20200323,"WV","B",0,,0,,1,1,,0,,,444,59,,,,,,4,16,,4,0,,,,,,,,0,460,63,,,,,,0,,0
20200322,"WV","",0,,0,,1,1,,0,,,385,55,,,,,,1,12,,1,0,,,,,,,,0,397,56,,,,,,0,,0
20200321,"WV","",0,,0,,1,1,,1,,,330,111,,,,,,2,11,,4,0,,,,,,,,0,341,115,,,,,,0,,0
20200320,"WV","",0,,0,,,,,0,,,219,76,,,,,,13,7,,5,0,,,,,,,,0,226,81,,,,,,0,,0
20200319,"WV","",0,,0,,,,,0,,,143,21,,,,,,3,2,,1,0,,,,,,,,0,145,22,,,,,,0,,0
20200318,"WV","",0,,0,,,,,0,,,122,42,,,,,,14,1,,1,0,,,,,,,,0,123,43,,,,,,0,,0
20200317,"WV","",0,,0,,,,,0,,,80,0,,,,,,4,0,,0,0,,,,,,,,0,80,0,,,,,,0,,0
20200316,"WV","",0,,0,,,,,0,,,80,42,,,,,,4,0,,0,0,,,,,,,,0,80,42,,,,,,0,,0
20200315,"WV","",0,,0,,,,,0,,,38,12,,,,,,1,0,,0,0,,,,,,,,0,38,12,,,,,,0,,0
20200314,"WV","",,,0,,,,,0,,,26,9,,,,,,5,0,,0,0,,,,,,,,0,26,9,,,,,,0,,0
20200313,"WV","",,,0,,,,,0,,,17,10,,,,,,4,0,,0,0,,,,,,,,0,17,10,,,,,,0,,0
20200312,"WV","",,,0,,,,,0,,,7,4,,,,,,1,0,,0,0,,,,,,,,0,7,4,,,,,,0,,0
20200311,"WV",,,,0,,,,,0,,,3,1,,,,,,2,0,,0,0,,,,,,,,0,3,1,,,,,,0,,0
20200310,"WV",,,,0,,,,,0,,,2,0,,,,,,3,0,,0,0,,,,,,,,0,2,0,,,,,,0,,0
20200309,"WV",,,,0,,,,,0,,,2,0,,,,,,3,0,,0,0,,,,,,,,0,2,0,,,,,,0,,0
20200308,"WV",,,,0,,,,,0,,,2,0,,,,,,3,0,,0,0,,,,,,,,0,2,0,,,,,,0,,0
20200307,"WV",,,,0,,,,,0,,,2,1,,,,,,3,0,,0,0,,,,,,,,0,2,1,,,,,,0,,0
20200306,"WV",,,,0,,,,,0,,,1,0,,,,,,4,0,,0,0,,,,,,,,0,1,0,,,,,,0,,0